{
  "OP": [
    0.1,
    0.1,
    0.4,
    0.0,
    0.0,
    0.7,
    0.3,
    0.4,
    0.8,
    0.9,
    0.1,
    0.1,
    0.2,
    0.4,
    0.7,
    0.1,
    0.2,
    0.8,
    0.6,
    0.4,
    0.2,
    0.0,
    0.3,
    0.5,
    0.2,
    0.2,
    0.1,
    0.2,
    0.7,
    0.4,
    0.4,
    0.2,
    0.1,
    0.1,
    0.0
  ],
  "MP": [
    0.1,
    0.1,
    0.2,
    0.0,
    0.0,
    0.4,
    0.4,
    0.3,
    0.5,
    0.7,
    0.1,
    0.2,
    0.2,
    0.4,
    0.5,
    0.1,
    0.0,
    0.8,
    0.4,
    0.2,
    0.4,
    0.0,
    0.3,
    0.3,
    0.2,
    0.2,
    0.2,
    0.3,
    0.5,
    0.4,
    0.6,
    0.2,
    0.1,
    0.1,
    0.0
  ],
  "SP": [
    0.2,
    0.0,
    0.4,
    0.0,
    0.0,
    0.7,
    0.4,
    0.2,
    0.6,
    0.8,
    0.1,
    0.1,
    0.2,
    0.3,
    0.7,
    0.0,
    0.1,
    0.5,
    0.3,
    0.3,
    0.2,
    0.1,
    0.3,
    0.3,
    0.2,
    0.2,
    0.1,
    0.2,
    0.7,
    0.3,
    0.4,
    0.2,
    0.1,
    0.1,
    0.0
  ],
  "ORR": [
    1.0,
    0.16666666666666666,
    1.0,
    0.09090909090909091,
    0.004830917874396135,
    1.0,
    1.0,
    0.25,
    1.0,
    1.0,
    0.2,
    0.25,
    1.0,
    1.0,
    1.0,
    0.1111111111111111,
    0.25,
    1.0,
    1.0,
    0.5,
    0.1111111111111111,
    0.07692307692307693,
    1.0,
    0.3333333333333333,
    1.0,
    0.3333333333333333,
    0.2,
    1.0,
    0.5,
    1.0,
    1.0,
    0.5,
    1.0,
    1.0,
    0.05555555555555555
  ],
  "MRR": [
    0.5,
    1.0,
    1.0,
    0.05555555555555555,
    0.001941747572815534,
    0.3333333333333333,
    1.0,
    0.25,
    1.0,
    1.0,
    1.0,
    0.25,
    1.0,
    1.0,
    1.0,
    0.25,
    0.09090909090909091,
    1.0,
    1.0,
    0.3333333333333333,
    1.0,
    0.07692307692307693,
    1.0,
    1.0,
    0.5,
    0.2,
    1.0,
    1.0,
    1.0,
    1.0,
    1.0,
    0.5,
    1.0,
    1.0,
    0.058823529411764705
  ],
  "SRR": [
    0.25,
    0.07142857142857142,
    1.0,
    0.07142857142857142,
    0.002403846153846154,
    1.0,
    0.5,
    0.125,
    1.0,
    1.0,
    0.1111111111111111,
    0.25,
    1.0,
    1.0,
    1.0,
    0.03225806451612903,
    0.1111111111111111,
    0.5,
    1.0,
    0.5,
    0.16666666666666666,
    0.1,
    1.0,
    1.0,
    0.5,
    0.2,
    0.2,
    1.0,
    1.0,
    0.5,
    1.0,
    0.3333333333333333,
    1.0,
    0.5,
    0.07142857142857142
  ],
  "OAP": [
    0.5909090909090909,
    0.09599156118143459,
    0.6494152046783627,
    0.06177270659845469,
    0.004830917874396135,
    0.4768230782367772,
    0.32802254464504677,
    0.21569063595654192,
    0.7362697487697486,
    0.719086505156973,
    0.2,
    0.09590643274853801,
    1.0,
    0.3900564700793039,
    0.5495945630893071,
    0.0424494199926175,
    0.12407471594125143,
    0.4309787034254613,
    0.45173141471448547,
    0.3608585858585858,
    0.09675188508695404,
    0.07692307692307693,
    0.2412762059292903,
    0.4351851851851852,
    0.6428571428571428,
    0.12707079629310952,
    0.11879963906650269,
    0.2674158921797123,
    0.41822425230708904,
    0.34002920533177255,
    0.4439803545432124,
    0.1827138439449997,
    0.1451394814914304,
    1.0,
    0.03903928893499747
  ],
  "MAP": [
    0.25833333333333336,
    0.5204081632653061,
    0.5162037037037037,
    0.07149678214876119,
    0.001941747572815534,
    0.23198810075265364,
    0.5732457937515727,
    0.23817665417237935,
    0.5761360244359397,
    0.5553942507461815,
    1.0,
    0.2196078431372549,
    1.0,
    0.3752477054331714,
    0.5736758914077337,
    0.09449648711943794,
    0.04507234420976148,
    0.6172723638317051,
    0.30550527655276827,
    0.13754997853542086,
    0.24514317445120865,
    0.07692307692307693,
    0.18957674329144453,
    0.5525883838383838,
    0.5,
    0.16859840165624096,
    0.2570735107421863,
    0.21600872799609733,
    0.3861769407699173,
    0.3432101736078898,
    0.46134697335974517,
    0.23703295428173585,
    0.14060579159532038,
    1.0,
    0.041156597999965634
  ],
  "SAP": [
    0.2361111111111111,
    0.04352678571428571,
    0.6522222222222223,
    0.04181869065015476,
    0.002403846153846154,
    0.4507255731395804,
    0.23551920022253464,
    0.15248669233053008,
    0.6752718019022366,
    0.6421968427428499,
    0.1111111111111111,
    0.09527936188452792,
    1.0,
    0.2414749376237083,
    0.5952359394405449,
    0.013553284867256902,
    0.05699315113924718,
    0.3511775380567195,
    0.27665821590158013,
    0.24278093400293252,
    0.09230598468818033,
    0.1,
    0.25348738081465755,
    0.44720252167060676,
    0.5,
    0.1390117752524016,
    0.09420808388553382,
    0.17164756003817813,
    0.4610591472806283,
    0.2734335447750082,
    0.44597376316980697,
    0.13018906801701588,
    0.1396807325500638,
    0.5,
    0.03807070317882814
  ],
  "MMP": [
    0.1,
    0.1,
    0.1,
    0.1,
    0.0,
    0.1,
    0.6,
    0.3,
    0.4,
    0.4,
    0.1,
    0.1,
    0.1,
    0.3,
    0.6,
    0.0,
    0.0,
    0.8,
    0.4,
    0.2,
    0.3,
    0.1,
    0.1,
    0.2,
    0.2,
    0.0,
    0.1,
    0.2,
    0.5,
    0.5,
    0.3,
    0.2,
    0.1,
    0.1,
    0.1
  ],
  "MMRR": [
    0.25,
    0.25,
    0.14285714285714285,
    0.5,
    0.0016,
    0.5,
    1.0,
    0.5,
    1.0,
    1.0,
    0.1,
    0.3333333333333333,
    1.0,
    1.0,
    1.0,
    0.07142857142857142,
    0.05263157894736842,
    1.0,
    1.0,
    0.3333333333333333,
    1.0,
    1.0,
    1.0,
    1.0,
    1.0,
    0.08333333333333333,
    0.3333333333333333,
    1.0,
    0.3333333333333333,
    1.0,
    1.0,
    1.0,
    1.0,
    0.25,
    0.1
  ],
  "MMAP": [
    0.15948275862068967,
    0.1268348623853211,
    0.06754685259358156,
    0.14167145593867161,
    0.0016,
    0.16739375924384992,
    0.686744165529026,
    0.2977914289403127,
    0.46473476630728017,
    0.3581585931501976,
    0.1,
    0.13374925727866904,
    0.5909090909090909,
    0.37948176255539323,
    0.5578133399657572,
    0.03726308041464761,
    0.055324116263531224,
    0.5746944694680325,
    0.2767738576866924,
    0.19052173151836127,
    0.2710292936518552,
    1.0,
    0.14738522029298243,
    0.3368347338935574,
    0.7,
    0.14272570680099028,
    0.08087401545487637,
    0.2038434556563697,
    0.23220106238947644,
    0.38488492157095283,
    0.3452211635330921,
    0.3815170029364403,
    0.13741081308463257,
    0.25,
    0.08349239539412505
  ],
  "MMMP": [
    0.1,
    0.1,
    0.1,
    0.1,
    0.0,
    0.1,
    0.4,
    0.5,
    0.3,
    0.2,
    0.0,
    0.1,
    0.1,
    0.3,
    0.4,
    0.1,
    0.0,
    0.7,
    0.4,
    0.2,
    0.3,
    0.0,
    0.0,
    0.1,
    0.2,
    0.3,
    0.1,
    0.2,
    0.5,
    0.2,
    0.4,
    0.2,
    0.2,
    0.1,
    0.3
  ],
  "MMMRR": [
    0.125,
    0.5,
    0.1111111111111111,
    0.5,
    0.0015923566878980893,
    0.3333333333333333,
    1.0,
    0.5,
    1.0,
    0.5,
    0.0025380710659898475,
    0.5,
    0.3333333333333333,
    1.0,
    1.0,
    0.14285714285714285,
    0.045454545454545456,
    1.0,
    1.0,
    0.5,
    1.0,
    0.016129032258064516,
    0.07142857142857142,
    1.0,
    1.0,
    0.3333333333333333,
    0.5,
    1.0,
    1.0,
    1.0,
    1.0,
    1.0,
    1.0,
    0.1111111111111111,
    0.2
  ],