{
  "PAK": [
    0.31142857142857144,
    0.26857142857142857,
    0.22285714285714286,
    0.20857142857142857
  ],
  "RR": [
    0.6266792627662193,
    0.6971662762011134,
    0.6324338274257071,
    0.5807777697706982
  ],
  "AP": [
    0.3457105299980243,
    0.3636341112749461,
    0.28759740381224164,
    0.24734000717278137
  ]
}