{
  "OP_and_MP": [
    1.9656134827672413,
    0.057553744836104946
  ],
  "OP_and_MMP": [
    2.89298543966235,
    0.0066136228435271244
  ],
  "OP_and_MMMP": [
    2.850244516758121,
    0.007371089551839917
  ],
  "ORR_and_MRR": [
    -1.1697448174213756,
    0.250238599345156
  ],
  "ORR_and_MMRR": [
    -0.08988717458565952,
    0.9289043128011456
  ],
  "ORR_and_MMMRR": [
    0.6159918357599468,
    0.542002165131774
  ],
  "OAP_and_MAP": [
    -0.536525548533486,
    0.5950888532745353
  ],
  "OAP_and_MMAP": [
    1.2260796625265722,
    0.2285931160850807
  ],
  "OAP_and_MMMAP": [
    2.1456503334535237,
    0.039127349379571984
  ]
}