{
  "PAK": [
    0.2728888888888889,
    0.16711111111111113,
    0.17777777777777778,
    0.16177777777777777
  ],
  "RR": [
    0.5726939185447822,
    0.5312442668171785,
    0.5940616051780326,
    0.5321171566915113
  ],
  "AP": [
    0.3508374688560584,
    0.369726053508257,
    0.33065965690897614,
    0.3112508274953256
  ]
}