{
  "PAK": [
    0.2728888888888889,
    0.22933333333333333,
    0.17777777777777778,
    0.16177777777777777
  ],
  "RR": [
    0.5726939185447822,
    0.6230887183182429,
    0.5940616051780326,
    0.5321171566915113
  ],
  "AP": [
    0.3508374688560584,
    0.3657264348827578,
    0.33065965690897614,
    0.3112508274953256
  ]
}