{
  "OP_and_MP": [
    5.914617321658481,
    1.2329692548437443e-08
  ],
  "OP_and_MMP": [
    9.761637970310835,
    5.540917363275231e-19
  ],
  "OP_and_MMMP": [
    10.06491232960352,
    6.715977608346666e-20
  ],
  "ORR_and_MRR": [
    -2.3210898940760476,
    0.02118091377634997
  ],
  "ORR_and_MMRR": [
    -0.8211108789681069,
    0.4124561335859909
  ],
  "ORR_and_MMMRR": [
    1.3403356501259929,
    0.18149411675183302
  ],
  "OAP_and_MAP": [
    -1.3704619545005299,
    0.17191454898784642
  ],
  "OAP_and_MMAP": [
    1.3173656982105135,
    0.1890619759924888
  ],
  "OAP_and_MMMAP": [
    2.195364808023514,
    0.029164187974869516
  ]
}